{"paths": {"admin/css/widgets.css": "admin/css/widgets.a7251c097987.css", "admin/css/../img/icon-addlink.svg": "admin/css/../img/icon-addlink.d519b3bab011.svg", "admin/css/../img/search.svg": "admin/css/../img/search.7cf54ff789c6.svg", "admin/css/fonts.css": "admin/css/fonts.cc6140298ba7.css", "admin/css/../img/sorting-icons.svg": "admin/css/../img/sorting-icons.3a097b59f104.svg", "admin/css/../img/icon-yes.svg": "admin/css/../img/icon-yes.d2f9f035226a.svg", "admin/css/../img/icon-alert.svg": "admin/css/../img/icon-alert.034cc7d8a67f.svg", "admin/css/../img/icon-no.svg": "admin/css/../img/icon-no.439e821418cd.svg", "admin/css/../img/icon-changelink.svg": "admin/css/../img/icon-changelink.18d2fd706348.svg", "admin/css/../img/icon-deletelink.svg": "admin/css/../img/icon-deletelink.564ef9dc3854.svg", "admin/css/../img/tooltag-arrowright.svg": "admin/css/../img/tooltag-arrowright.bbfb788a849e.svg", "admin/css/../img/tooltag-add.svg": "admin/css/../img/tooltag-add.e59d620a9742.svg", "admin/css/../fonts/Roboto-Bold-webfont.woff": "admin/css/../fonts/Roboto-Bold-webfont.2ad99072841e.woff", "admin/css/../fonts/Roboto-Regular-webfont.woff": "admin/css/../fonts/Roboto-Regular-webfont.ec39515ae8c6.woff", "admin/css/../fonts/Roboto-Light-webfont.woff": "admin/css/../fonts/Roboto-Light-webfont.b446c2399bb6.woff", "admin/css/../img/selector-icons.svg": "admin/css/../img/selector-icons.b4555096cea2.svg", "admin/css/../img/icon-unknown.svg": "admin/css/../img/icon-unknown.a18cb4398978.svg", "admin/css/../img/icon-unknown-alt.svg": "admin/css/../img/icon-unknown-alt.81536e128bb6.svg", "admin/css/../img/icon-clock.svg": "admin/css/../img/icon-clock.e1d4dfac3f2b.svg", "admin/css/../img/icon-calendar.svg": "admin/css/../img/icon-calendar.ac7aea671bea.svg", "admin/css/../img/calendar-icons.svg": "admin/css/../img/calendar-icons.39b290681a8b.svg", "admin/css/../img/inline-delete.svg": "admin/css/../img/inline-delete.fec1b761f254.svg", "rest_framework/css/../img/grid.png": "rest_framework/css/../img/grid.a4b938cf382b.png", "rest_framework/css/../fonts/glyphicons-halflings-regular.eot": "rest_framework/css/../fonts/glyphicons-halflings-regular.f4769f9bdb74.eot", "rest_framework/css/../fonts/glyphicons-halflings-regular.woff2": "rest_framework/css/../fonts/glyphicons-halflings-regular.448c34a56d69.woff2", "rest_framework/css/../fonts/glyphicons-halflings-regular.woff": "rest_framework/css/../fonts/glyphicons-halflings-regular.fa2772327f55.woff", "rest_framework/css/../fonts/glyphicons-halflings-regular.ttf": "rest_framework/css/../fonts/glyphicons-halflings-regular.e18bbf611f2a.ttf", "rest_framework/css/../fonts/glyphicons-halflings-regular.svg": "rest_framework/css/../fonts/glyphicons-halflings-regular.89889688147b.svg", "leaflet/draw/images/spritesheet.png": "leaflet/draw/images/spritesheet.429614175270.png", "leaflet/draw/images/spritesheet.svg": "leaflet/draw/images/spritesheet.69d89e51f62b.svg", "leaflet/draw/images/spritesheet-2x.png": "leaflet/draw/images/spritesheet-2x.2f19f5c5efab.png", "leaflet/images/toggle.png": "leaflet/images/toggle.619288fd75cf.png", "leaflet/images/layers.png": "leaflet/images/layers.a6137456ed16.png", "leaflet/images/layers-2x.png": "leaflet/images/layers-2x.4f0283c6ce28.png", "leaflet/images/marker-icon.png": "leaflet/images/marker-icon.2273e3d8ad92.png", "admin/js/vendor/jquery/jquery.js": "admin/js/vendor/jquery/jquery.aacc43d6f308.js", "admin/js/vendor/jquery/LICENSE-JQUERY.txt": "admin/js/vendor/jquery/LICENSE-JQUERY.a158210a2737.txt", "admin/js/vendor/jquery/jquery.min.js": "admin/js/vendor/jquery/jquery.min.33cabfa15c10.js", "admin/js/vendor/xregexp/xregexp.min.js": "admin/js/vendor/xregexp/xregexp.min.c95393b8ca4d.js", "admin/js/vendor/xregexp/xregexp.js": "admin/js/vendor/xregexp/xregexp.1865b1cf5085.js", "admin/js/vendor/xregexp/LICENSE-XREGEXP.txt": "admin/js/vendor/xregexp/LICENSE-XREGEXP.d64cecf4f157.txt", "admin/js/admin/RelatedObjectLookups.js": "admin/js/admin/RelatedObjectLookups.183db436487a.js", "admin/js/admin/DateTimeShortcuts.js": "admin/js/admin/DateTimeShortcuts.1536fb6bea1d.js", "admin/img/gis/move_vertex_on.svg": "admin/img/gis/move_vertex_on.0047eba25b67.svg", "admin/img/gis/move_vertex_off.svg": "admin/img/gis/move_vertex_off.7a23bf31ef8a.svg", "leaflet/draw/images/marker-icon-2x.png": "leaflet/draw/images/marker-icon-2x.d95d69fa8a7d.png", "leaflet/draw/images/layers-2x.png": "leaflet/draw/images/layers-2x.4f0283c6ce28.png", "leaflet/draw/images/marker-shadow.png": "leaflet/draw/images/marker-shadow.44a526eed258.png", "leaflet/draw/images/marker-icon.png": "leaflet/draw/images/marker-icon.2273e3d8ad92.png", "leaflet/draw/images/layers.png": "leaflet/draw/images/layers.a6137456ed16.png", "css/images/marker-icon-2x.png": "css/images/marker-icon-2x.d95d69fa8a7d.png", "css/images/layers-2x.png": "css/images/layers-2x.4f0283c6ce28.png", "css/images/marker-shadow.png": "css/images/marker-shadow.44a526eed258.png", "css/images/marker-icon.png": "css/images/marker-icon.2273e3d8ad92.png", "css/images/layers.png": "css/images/layers.a6137456ed16.png", "img/icons/other.png": "img/icons/other.b934dafcc373.png", "img/icons/vandalism.png": "img/icons/vandalism.6720d4b86c3f.png", "img/icons/hooligan_gang.png": "img/icons/hooligan_gang.f9429a8aab55.png", "img/icons/domestic_violence.png": "img/icons/domestic_violence.36434343489a.png", "img/icons/burglary.png": "img/icons/burglary.08ae545a4657.png", "img/icons/home_location_marker.png": "img/icons/home_location_marker.3c74df59669f.png", "img/icons/corruption.png": "img/icons/corruption.6368de81608f.png", "img/icons/drug _use_dealing.png": "img/icons/drug _use_dealing.fb61f53fa76f.png", "img/icons/robbery.png": "img/icons/robbery.e4804da813ea.png", "img/icons/hijacking.png": "img/icons/hijacking.995f153207dc.png", "img/icons/geocircle.png": "img/icons/geocircle.e2baebb8e5fe.png", "img/icons/pick_pocket.png": "img/icons/pick_pocket.96d6380232af.png", "admin/js/actions.min.js": "admin/js/actions.min.f51f04edab28.js", "admin/js/timeparse.js": "admin/js/timeparse.51258861a46a.js", "admin/js/prepopulate_init.js": "admin/js/prepopulate_init.0d3b53c37074.js", "admin/js/urlify.js": "admin/js/urlify.411bc3bb651c.js", "admin/js/actions.js": "admin/js/actions.32861b6cbdf9.js", "admin/js/prepopulate.min.js": "admin/js/prepopulate.min.f4057ebb9b62.js", "admin/js/cancel.js": "admin/js/cancel.1d69cba4b4bf.js", "admin/js/calendar.js": "admin/js/calendar.9ac94d055fbd.js", "admin/js/inlines.min.js": "admin/js/inlines.min.8ef8b2379896.js", "admin/js/collapse.js": "admin/js/collapse.17d715df2104.js", "admin/js/core.js": "admin/js/core.fd861d43f0f5.js", "admin/js/change_form.js": "admin/js/change_form.d224f77c6b61.js", "admin/js/popup_response.js": "admin/js/popup_response.6ce3197f8fc8.js", "admin/js/prepopulate.js": "admin/js/prepopulate.ff9208865444.js", "admin/js/collapse.min.js": "admin/js/collapse.min.dc930adb2821.js", "admin/js/inlines.js": "admin/js/inlines.17981b4df24a.js", "admin/js/SelectBox.js": "admin/js/SelectBox.b49f008d186b.js", "admin/js/SelectFilter2.js": "admin/js/SelectFilter2.17009b6d4428.js", "admin/js/jquery.init.js": "admin/js/jquery.init.95b62fa19378.js", "admin/css/forms.css": "admin/css/forms.70b858e61281.css", "admin/css/rtl.css": "admin/css/rtl.e024aaf6df25.css", "admin/css/base.css": "admin/css/base.ba3dc2f88fc5.css", "admin/css/changelists.css": "admin/css/changelists.b1b060f73d37.css", "admin/css/dashboard.css": "admin/css/dashboard.4898e2e9983d.css", "admin/css/login.css": "admin/css/login.a846c0e2ef65.css", "admin/img/search.svg": "admin/img/search.7cf54ff789c6.svg", "admin/img/icon-deletelink.svg": "admin/img/icon-deletelink.564ef9dc3854.svg", "admin/img/icon-alert.svg": "admin/img/icon-alert.034cc7d8a67f.svg", "admin/img/calendar-icons.svg": "admin/img/calendar-icons.39b290681a8b.svg", "admin/img/icon-clock.svg": "admin/img/icon-clock.e1d4dfac3f2b.svg", "admin/img/sorting-icons.svg": "admin/img/sorting-icons.3a097b59f104.svg", "admin/img/icon-unknown.svg": "admin/img/icon-unknown.a18cb4398978.svg", "admin/img/selector-icons.svg": "admin/img/selector-icons.b4555096cea2.svg", "admin/img/LICENSE": "admin/img/LICENSE.2c54f4e1ca1c", "admin/img/tooltag-add.svg": "admin/img/tooltag-add.e59d620a9742.svg", "admin/img/icon-addlink.svg": "admin/img/icon-addlink.d519b3bab011.svg", "admin/img/icon-calendar.svg": "admin/img/icon-calendar.ac7aea671bea.svg", "admin/img/inline-delete.svg": "admin/img/inline-delete.fec1b761f254.svg", "admin/img/icon-yes.svg": "admin/img/icon-yes.d2f9f035226a.svg", "admin/img/tooltag-arrowright.svg": "admin/img/tooltag-arrowright.bbfb788a849e.svg", "admin/img/icon-no.svg": "admin/img/icon-no.439e821418cd.svg", "admin/img/README.txt": "admin/img/README.837277fa1908.txt", "admin/img/icon-unknown-alt.svg": "admin/img/icon-unknown-alt.81536e128bb6.svg", "admin/img/icon-changelink.svg": "admin/img/icon-changelink.18d2fd706348.svg", "admin/fonts/LICENSE.txt": "admin/fonts/LICENSE.d273d63619c9.txt", "admin/fonts/Roboto-Light-webfont.woff": "admin/fonts/Roboto-Light-webfont.b446c2399bb6.woff", "admin/fonts/Roboto-Bold-webfont.woff": "admin/fonts/Roboto-Bold-webfont.2ad99072841e.woff", "admin/fonts/Roboto-Regular-webfont.woff": "admin/fonts/Roboto-Regular-webfont.ec39515ae8c6.woff", "admin/fonts/README.txt": "admin/fonts/README.2c3d0bcdede2.txt", "gis/js/OLMapWidget.js": "gis/js/OLMapWidget.10b8c71c4290.js", "rest_framework/js/bootstrap.min.js": "rest_framework/js/bootstrap.min.5869c96cc8f1.js", "rest_framework/js/default.js": "rest_framework/js/default.b846d7d305c9.js", "rest_framework/js/ajax-form.js": "rest_framework/js/ajax-form.8b39b42cbf4e.js", "rest_framework/js/csrf.js": "rest_framework/js/csrf.753b7a1f2ee7.js", "rest_framework/js/jquery-1.12.4.min.js": "rest_framework/js/jquery-1.12.4.min.4f252523d4af.js", "rest_framework/js/prettify-min.js": "rest_framework/js/prettify-min.709bfcc456c6.js", "rest_framework/css/prettify.css": "rest_framework/css/prettify.a987f72342ee.css", "rest_framework/css/default.css": "rest_framework/css/default.713cbe203060.css", "rest_framework/css/bootstrap-tweaks.css": "rest_framework/css/bootstrap-tweaks.b78ca7b14c57.css", "rest_framework/css/bootstrap.min.css": "rest_framework/css/bootstrap.min.ec3bb52a00e1.css", "rest_framework/img/glyphicons-halflings-white.png": "rest_framework/img/glyphicons-halflings-white.9bbc6e960299.png", "rest_framework/img/grid.png": "rest_framework/img/grid.a4b938cf382b.png", "rest_framework/img/glyphicons-halflings.png": "rest_framework/img/glyphicons-halflings.90233c9067e9.png", "rest_framework/fonts/glyphicons-halflings-regular.ttf": "rest_framework/fonts/glyphicons-halflings-regular.e18bbf611f2a.ttf", "rest_framework/fonts/glyphicons-halflings-regular.svg": "rest_framework/fonts/glyphicons-halflings-regular.89889688147b.svg", "rest_framework/fonts/glyphicons-halflings-regular.woff2": "rest_framework/fonts/glyphicons-halflings-regular.448c34a56d69.woff2", "rest_framework/fonts/glyphicons-halflings-regular.eot": "rest_framework/fonts/glyphicons-halflings-regular.f4769f9bdb74.eot", "rest_framework/fonts/glyphicons-halflings-regular.woff": "rest_framework/fonts/glyphicons-halflings-regular.fa2772327f55.woff", "leaflet/images/reset-view.png": "leaflet/images/reset-view.e3a08f2f589b.png", "leaflet/images/marker-icon-2x.png": "leaflet/images/marker-icon-2x.d95d69fa8a7d.png", "leaflet/images/marker-icon@2x.png": "leaflet/images/marker-icon@2x.1c824216f354.png", "leaflet/images/marker-shadow.png": "leaflet/images/marker-shadow.44a526eed258.png", "leaflet/images/zoom-in.png": "leaflet/images/zoom-in.05a5a49b814e.png", "leaflet/images/zoom-out.png": "leaflet/images/zoom-out.082c999b5f56.png", "leaflet/draw/leaflet.draw.js": "leaflet/draw/leaflet.draw.d58c6d448cfa.js", "leaflet/draw/leaflet.draw-src.js": "leaflet/draw/leaflet.draw-src.8ecade4283ba.js", "leaflet/draw/leaflet.draw.css": "leaflet/draw/leaflet.draw.0c405ffd5493.css", "leaflet/draw/leaflet.draw-src.css": "leaflet/draw/leaflet.draw-src.97e2e3914e7f.css", "js/app.js": "js/app.40b14249ec88.js", "js/leaflet.spin.min.js": "js/leaflet.spin.min.be87f39fdb08.js", "js/L.Icon.Pulse.js": "js/L.Icon.Pulse.f3003398a21e.js", "js/L.Control.Locate.min.js": "js/L.Control.Locate.min.341c34d2a6c0.js", "css/styles.css": "css/styles.2019acc86e55.css", "css/L.Icon.Pulse.css": "css/L.Icon.Pulse.c4189dd796a8.css", "css/login.css": "css/login.9635343b9585.css", "img/other.png": "img/other.b934dafcc373.png", "img/vandalism.png": "img/vandalism.6720d4b86c3f.png", "img/hooligan_gang.png": "img/hooligan_gang.f9429a8aab55.png", "img/domestic_violence.png": "img/domestic_violence.36434343489a.png", "img/favicon.png": "img/favicon.7ce1baca85f8.png", "img/burglary.png": "img/burglary.08ae545a4657.png", "img/new report.png": "img/new report.c581ef890ef0.png", "img/corruption.png": "img/corruption.6368de81608f.png", "img/drug _use_dealing.png": "img/drug _use_dealing.fb61f53fa76f.png", "img/event.png": "img/event.7ce1baca85f8.png", "img/robbery.png": "img/robbery.e4804da813ea.png", "img/new_tukio.png": "img/new_tukio.c581ef890ef0.png", "img/hijacking.png": "img/hijacking.995f153207dc.png", "img/geocircle.png": "img/geocircle.3c74df59669f.png", "img/alert.png": "img/alert.6077ea764cd3.png", "img/pick_pocket.png": "img/pick_pocket.96d6380232af.png", "leaflet/leaflet.ie.css": "leaflet/leaflet.ie.90b6a78525e3.css", "leaflet/leaflet.js": "leaflet/leaflet.c107e28b6b0a.js", "leaflet/eventlistener.ie6-7.js": "leaflet/eventlistener.ie6-7.5a1fe9bedb19.js", "leaflet/Control.MiniMap.css": "leaflet/Control.MiniMap.82027f1e3574.css", "leaflet/leaflet-src.js": "leaflet/leaflet-src.b1aadf426928.js", "leaflet/Control.MiniMap.js": "leaflet/Control.MiniMap.3bdbe956c9d0.js", "leaflet/leaflet.forms.js": "leaflet/leaflet.forms.68845a03ca87.js", "leaflet/leaflet.extras.js": "leaflet/leaflet.extras.2264c93e00d5.js", "leaflet/proj4js.js": "leaflet/proj4js.87fdd389aec9.js", "leaflet/leaflet.css": "leaflet/leaflet.f4dfd20f27bb.css", "leaflet/proj4leaflet.js": "leaflet/proj4leaflet.51f41177d9f2.js", "leaflet/eventlistener.ie8.js": "leaflet/eventlistener.ie8.bbfb12c526f7.js"}, "version": "1.0"}